impact_period,is_200_plus,percentage
After Impact Rule,0.2534246575342466,25.34246575342466
Before Impact Rule,0.06974248927038626,6.974248927038626
