category,percentage
Won 2 Phases,62.48756218905472
Won 1 Phase,19.502487562189057
Won All 3 Phases,17.81094527363184
Won 0 Phases,0.1990049751243781
