phase,wicket_win_match_win,win_percentage
Death Overs,0.5728643216080402,57.286432160804026
Middle Overs,0.554228855721393,55.4228855721393
Powerplay,0.5343283582089552,53.43283582089552
