phase,phase_win_match_win,win_percentage
Middle Overs,0.7054726368159204,70.54726368159204
Death Overs,0.6402010050251257,64.02010050251256
Powerplay,0.6398009950248756,63.98009950248756
